{
  "train_loss": [
    0.9329299132029215,
    0.32894171593767224,
    0.1563411679570422,
    0.0889707866096587,
    0.05541398517335906,
    0.04414500383603753,
    0.02724321911139696,
    0.022210781123827805,
    0.02057503402642341,
    0.0187937073360169
  ],
  "train_acc": [
    0.7642857142857142,
    0.9319047619047619,
    0.9633333333333334,
    0.98,
    0.9876190476190476,
    0.991904761904762,
    0.9957142857142857,
    0.9957142857142857,
    0.9966666666666667,
    0.9980952380952381
  ],
  "val_loss": [
    0.5731072048346202,
    0.2641954779624939,
    0.12784193207820257,
    0.07425009620686372,
    0.046327386796474454,
    0.03447247035801411,
    0.02005703452353676,
    0.015555785099665324,
    0.012224558073406418,
    0.009948985526959102
  ],
  "val_acc": [
    0.8511111111111112,
    0.9422222222222222,
    0.9733333333333334,
    0.9888888888888889,
    0.9888888888888889,
    0.9955555555555555,
    1.0,
    1.0,
    1.0,
    1.0
  ]
}