{
  "train_loss": [
    0.9912156282049237,
    0.4337498608863715,
    0.26060983301563695,
    0.17198880750573042,
    0.12111132343610127,
    0.09340580914056662,
    0.07220410978929563,
    0.056196277396696984,
    0.05352082025880615,
    0.03845335308913932
  ],
  "train_acc": [
    0.6814285714285714,
    0.9171428571428571,
    0.9476190476190476,
    0.9709523809523809,
    0.9780952380952381,
    0.9828571428571429,
    0.9852380952380952,
    0.991904761904762,
    0.9885714285714285,
    0.9942857142857143
  ],
  "val_loss": [
    0.6251630902290344,
    0.3650631388028463,
    0.23940389752388,
    0.16357249567906063,
    0.12427447587251664,
    0.09886187414328257,
    0.07572151770194371,
    0.06366155582169691,
    0.05161279992510875,
    0.0431417445341746
  ],
  "val_acc": [
    0.8688888888888889,
    0.9377777777777778,
    0.96,
    0.9688888888888889,
    0.9755555555555555,
    0.98,
    0.9888888888888889,
    0.9911111111111112,
    0.9911111111111112,
    0.9933333333333333
  ]
}