{
  "train_loss": [
    0.9413112898667654,
    0.33261151295719726,
    0.15186858752911742,
    0.07603653489301603,
    0.05109734661086942,
    0.04765452624467963,
    0.03246518684494676,
    0.025396326810798862,
    0.01718305432675124,
    0.015865532011075906
  ],
  "train_acc": [
    0.7747619047619048,
    0.9295238095238095,
    0.9628571428571429,
    0.9861904761904762,
    0.9895238095238095,
    0.9890476190476191,
    0.9952380952380953,
    0.9947619047619047,
    0.9961904761904762,
    0.9976190476190476
  ],
  "val_loss": [
    0.5708693146705628,
    0.2656670242547989,
    0.14667191753784817,
    0.08061981822053592,
    0.04303075894713402,
    0.030072816461324692,
    0.023024813116838534,
    0.020611845950285593,
    0.014540441916324198,
    0.010353858831028144
  ],
  "val_acc": [
    0.8977777777777778,
    0.9422222222222222,
    0.9688888888888889,
    0.9844444444444445,
    0.9933333333333333,
    0.9977777777777778,
    0.9977777777777778,
    1.0,
    1.0,
    1.0
  ]
}