{
  "train_loss": [
    0.9873214029904568,
    0.43773772793285776,
    0.25772519262902666,
    0.18111981451511383,
    0.12721454498894286,
    0.09693691475937764,
    0.07828432908563902,
    0.06262083619720105,
    0.04982600805603645,
    0.04423143260293838
  ],
  "train_acc": [
    0.6733333333333333,
    0.9166666666666666,
    0.9538095238095238,
    0.9652380952380952,
    0.9776190476190476,
    0.9828571428571429,
    0.9852380952380952,
    0.9909523809523809,
    0.9938095238095238,
    0.9938095238095238
  ],
  "val_loss": [
    0.6046181956926981,
    0.3377252221107483,
    0.22189974387486774,
    0.15985964636007946,
    0.11485210880637169,
    0.09534290532271067,
    0.07225691502292951,
    0.05740153764684995,
    0.04949287076791128,
    0.04331889698902766
  ],
  "val_acc": [
    0.8688888888888889,
    0.9377777777777778,
    0.9511111111111111,
    0.96,
    0.9822222222222222,
    0.9844444444444445,
    0.9866666666666667,
    0.9866666666666667,
    0.9866666666666667,
    0.9866666666666667
  ]
}